1. Ā Forest Adventure ? (Done),,,
2. ??  Ocean Mystery,,,
3. ??  Space Adventure,,,
4. ??  Dinosaur Land,,,
5. ??  Castle Mystery,,,
6. ??  Garden Adventure,,,
7. ??  Fruit Market Mystery,,,
8. ??  Zoo Adventure,,,
9. ??  Train Journey,,,
10. ???  Mountain Mystery,,,
11. ???  Beach Adventure,,,
12. ??  Snow World Mystery,,,
13. ??  Volcano Adventure,,,
14. ???  Desert Mystery,,,
15. ??  Farm Adventure,,,
16. ??  Circus Mystery,,,
17. ??  Balloon Adventure,,,
18. ??  Candy Land,,,
19. ??  Butterfly Garden,,,
20. ??  Bee Adventure,,,
21. ??  Night Sky Mystery,,,
22. ??  Sunshine Adventure,,,
23. ??  Rainbow Mystery,,,
24. ??  Paint World,,,
25. ??  Toy Land Adventure,,,
26. ??  Pirate Ship Mystery,,,
27. ??  Pumpkin Patch,,,
28. ??  Christmas Adventure,,,
29. ??  Jurassic Mystery,,,
30. ??  Aquarium Adventure,,,
31. ???  Park Mystery,,,
32. ??  Pine Forest,,,
33. ??  Tropical Island,,,
34. ??  Mushroom Land,,,
35. ??  Fairy Garden,,,
36. ??  Unicorn Adventure,,,
37. ??  Dragon Mystery,,,
38. ???  Treasure Island,,,
39. ??  Carnival Adventure,,,
40. ??  Sky Mystery,,,
41. ??  Cornfield Adventure,,,
42. ??  Vegetable Garden,,,
43. ??  Farmyard Mystery,,,
44. ??  Safari Adventure,,,
45. ??  Antarctic Mystery,,,
46. ??  Sahara Adventure,,,
47. ??  Australia Mystery,,,
48. ??  Food Land,,,
49. ?  Sports Adventure,,,
50. ??  Music Mystery,,,
1. ??  Ocean Mystery ,,,
2. ??  Forest Adventure,,,
3. ??  Space Mystery,,,
4. ??  Dinosaur Adventure,,,
5. ??  Apple Tree Mystery,,,
6. ??  Beehive Adventure,,,
7. ??  Butterfly Garden,,,
8. ??  Aquarium Mystery,,,
9. ??  Train Adventure,,,
10. ??  Balloon Mystery,,,
11. ??  Candy Adventure,,,
12. ??  Flower Mystery,,,
13. ?  Star Adventure,,,
14. ??  Vegetable Mystery,,,
15. ??  Fruit Basket,,,
16. ??  Farm Adventure,,,
17. ??  Safari Mystery,,,
18. ??  Penguin Adventure,,,
19. ??  Dino Egg Mystery,,,
20. ??  Castle Adventure,,,
21. ??  Cupcake Mystery,,,
22. ??  Pizza Adventure,,,
23. ?  Sports Mystery,,,
24. ??  Circus Adventure,,,
25. ??  Car Race Mystery,,,
26. ??  Sky Adventure,,,
27. ??  Turtle Mystery,,,
28. ??  Crab Adventure,,,
29. ??  Octopus Mystery,,,
30. ??  Night Adventure,,,
31. ??  Sunny Day Mystery,,,
32. ??  Snow Adventure,,,
33. ???  Rain Mystery,,,
34. ??  Gift Box Adventure,,,
35. ??  Toy Mystery,,,
36. ??  Paint Adventure,,,
37. ??  Ice Cream Mystery,,,
38. ??  Coconut Adventure,,,
39. ??  Island Mystery,,,
40. ??  Ship Adventure,,,
41. ??  Pumpkin Mystery,,,
42. ??  Strawberry Field,,,
43. ??  Ladybug Adventure,,,
44. ??  Snail Mystery,,,
45. ??  Parrot Adventure,,,
46. ??  Flamingo Mystery,,,
47. ??  Elephant Adventure,,,
48. ??  Giraffe Mystery,,,
49. ??  Whale Adventure,,,
50. ??  Rainbow Mystery,,,
1. ? Shapes Space Mystery,,,
2. ?? Shapes Cookie Adventure,,,
3. ?? Shapes Castle Mystery,,,
4. ?? Shapes Circus Adventure,,,
5. ?? Shapes Pizza Mystery,,,
6. ?? Shapes Gift Box Adventure,,,
7. ?? Shapes Train Mystery,,,
8. ??? Shapes Park Adventure,,,
9. ?? Shapes Galaxy Mystery,,,
10. ?? Shapes Dinosaur Adventure,,,
11. ?? Shapes Ocean Mystery,,,
12. ?? Shapes Forest Adventure,,,
13. ?? Shapes Donut Mystery,,,
14. ?? Shapes Cupcake Adventure,,,
15. ?? Shapes Balloon Mystery,,,
16. ??? Shapes Beach Adventure,,,
17. ?? Shapes Snow Mystery,,,
18. ?? Shapes Art Adventure,,,
19. ?? Shapes Puzzle Mystery,,,
20. ?? Shapes House Adventure,,,
21. ?? Shapes Vehicle Mystery,,,
22. ?? Shapes City Adventure,,,
23. ?? Shapes Pumpkin Mystery,,,
24. ?? Shapes Fruit Adventure,,,
25. ?? Shapes Animal Mystery,,,
26. ?? Shapes Butterfly Adventure,,,
27. ?? Shapes Night Mystery,,,
28. ?? Shapes Day Adventure,,,
29. ?? Shapes Kitchen Mystery,,,
30. ?? Shapes Birthday Adventure ... (continue with 20 more themes),,,
,,,
,,,
,,,
??ĀCATEGORY 5: ANIMALS (60+ Videos),,,
,,,
1. ?? Jungle Animals Mystery,,,
2. ?? Ocean Animals Adventure,,,
3. ?? Farm Animals Mystery,,,
4. ?? Arctic Animals Adventure,,,
5. ?? Forest Animals Mystery,,,
6. ??? Desert Animals Adventure,,,
7. ?? Dinosaur Mystery,,,
8. ?? Bird Adventure,,,
9. ?? Insect Mystery,,,
10. ?? Reptile Adventure,,,
11. ?? Fish Mystery,,,
12. ?? Australian Animals,,,
13. ?? Asian Animals Adventure,,,
14. ?? African Safari Mystery,,,
15. ?? Antarctic Adventure,,,
16. ?? Horse Ranch Mystery,,,
17. ?? Pet Adventure,,,
18. ?? Cat Mystery,,,
19. ?? Fox Forest Adventure,,,
20. ?? Deer Mystery ... (40 more),,,
,,,
,,,
,,,
??ĀCATEGORY 6: FRUITS (40+ Videos),,,
,,,
1. ?? Fruit Basket Mystery,,,
2. ?? Orchard Adventure,,,
3. ?? Fruit Market Mystery,,,
4. ?? Fruit Juice Adventure,,,
5. ?? Fruit Cake Mystery,,,
6. ??? Tropical Fruit Adventure,,,
7. ?? Berry Field Mystery,,,
8. ?? Vineyard Adventure,,,
9. ?? Citrus Mystery,,,
10. ?? Exotic Fruit Adventure ... (30 more),,,
,,,
,,,
,,,
??ĀCATEGORY 7: VEGETABLES (30+ Videos),,,
,,,
1. ?? Vegetable Garden Mystery,,,
2. ?? Farm Adventure,,,
3. ?? Salad Mystery,,,
4. ?? Soup Pot Adventure,,,
5. ?? Market Mystery ... (25 more),,,
,,,
,,,
,,,
??ĀCATEGORY 8: VEHICLES (40+ Videos),,,
,,,
1. ?? Police Car Mystery,,,
2. ?? Fire Truck Adventure,,,
3. ?? Ambulance Mystery,,,
4. ?? Train Adventure,,,
5. ?? Airplane Mystery,,,
6. ?? Ship Adventure,,,
7. ?? Tractor Mystery,,,
8. ??? Race Car Adventure,,,
9. ?? Helicopter Mystery,,,
10. ?? Rocket Adventure ... (30 more),,,
,,,
,,,
,,,
??ĀCATEGORY 9: WEATHER & SEASONS (20+ Videos),,,
,,,
1. ?? Sunny Day Mystery,,,
2. ??? Rainy Day Adventure,,,
3. ?? Snowy Day Mystery,,,
4. ?? Rainbow Adventure,,,
5. ?? Storm Mystery,,,
6. ?? Autumn Adventure,,,
7. ?? Spring Mystery,,,
8. ?? Summer Adventure,,,
9. ?? Winter Mystery,,,
10. ??? Wind Adventure ... (10 more),,,
,,,
,,,
,,,
??ĀCATEGORY 10: OPPOSITES (30+ Videos),,,
,,,
1. Big & Small Mystery,,,
2. Hot & Cold Adventure,,,
3. Fast & Slow Mystery,,,
4. Up & Down Adventure,,,
5. Day & Night Mystery,,,
6. Happy & Sad Adventure,,,
7. Open & Close Mystery,,,
8. Empty & Full Adventure,,,
9. Loud & Quiet Mystery,,,
10. Wet & Dry Adventure ... (20 more),,,
,,,
,,,
,,,
??ĀCATEGORY 11: BODY PARTS (20+ Videos),,,
,,,
1. ?? Mirror Mystery,,,
2. ?? Bath Time Adventure,,,
3. ?? Five Senses Mystery,,,
4. ?? Dentist Adventure,,,
5. ?? Doctor Mystery ... (15 more),,,
,,,
,,,
,,,
??ĀCATEGORY 12: TIME CONCEPTS (20+ Videos),,,
,,,
1. ?? Days of Week Train,,,
2. ?? Months Calendar Mystery,,,
3. ? Clock Adventure,,,
4. ?? Morning Mystery,,,
5. ?? Night Adventure ... (15 more),,,
,,,
,,,
,,,
??ĀCATEGORY 13: SOUNDS & MUSIC (20+ Videos),,,
,,,
1. ?? Animal Sounds Mystery,,,
2. ?? Musical Instruments Adventure,,,
3. ?? Vehicle Sounds Mystery,,,
4. ??? Nature Sounds Adventure,,,
5. ?? Home Sounds Mystery ... (15 more),,,
,,,
,,,
,,,
??ĀCATEGORY 14: PROFESSIONS (30+ Videos),,,
,,,
1. ????? Doctor Mystery,,,
2. ?? Police Adventure,,,
3. ????? Chef Mystery,,,
4. ????? Firefighter Adventure,,,
5. ????? Farmer Mystery,,,
6. ????? Astronaut Adventure,,,
7. ????? Teacher Mystery ... (23 more),,,
,,,
,,,
,,,
??ĀCATEGORY 15: FOOD (40+ Videos),,,
,,,
1. ?? Pizza Adventure,,,
2. ?? Burger Mystery,,,
3. ?? Cake Adventure,,,
4. ?? Ice Cream Mystery,,,
5. ?? Sandwich Adventure ... (35 more),,,
,,,
,,,
,,,
??ĀCATEGORY 16: FESTIVALS & SEASONS (30+ Videos),,,
,,,
1. ?? Christmas Mystery,,,
2. ?? Halloween Adventure,,,
3. ?? Diwali Mystery,,,
4. ?? Easter Adventure,,,
5. ?? New Year Mystery ... (25 more),,,
,,,
,,,
,,,
??ĀCATEGORY 17: ACTIONS / VERBS (30+ Videos),,,
,,,
1. ?? Running Mystery,,,
2. ?? Jumping Adventure,,,
3. ?? Swimming Mystery,,,
4. ?? Dancing Adventure,,,
5. ?? Drawing Mystery ... (25 more),,,
,,,
,,,
,,,
??ĀCATEGORY 18: PLACES (30+ Videos),,,
,,,
1. ?? School Mystery,,,
2. ?? Hospital Adventure,,,
3. ?? Supermarket Mystery,,,
4. ??? Park Adventure,,,
5. ??? Beach Mystery ... (25 more),,,
,,,
,,,
,,,
??ĀCATEGORY 19: EMOTIONS (20+ Videos),,,
,,,
1. ?? Happy Adventure,,,
2. ?? Sad Mystery,,,
3. ?? Angry Adventure,,,
4. ?? Scared Mystery,,,
5. ?? Love AdventureĀ,,,
,,,
1. ?? Brushing Teeth Mystery,,,
2. ?? Hand Wash Adventure,,,
3. ?? Healthy Eating Mystery,,,
4. ?? Bedtime Adventure,,,
5. ?? Reading Mystery ... (25 more),,,
,,,
ABC/Letters,50+,,
Numbers,50+,,
Colors,50+,,
Shapes,50+,,
Animals,60+,,
Fruits,40+,,
Vegetables,30+,,
Vehicles,40+,,
Weather,20+,,
Opposites,30+,,
Body Parts,20+,,
Time,20+,,
Sounds,20+,,
Professions,30+,,
Food,40+,,
Festivals,30+,,
Actions,30+,,
Places,30+,,
Emotions,20+,,
Habits,30+,,
Mix & Match Combos,300+,,
,,,
#,Concept,Theme,Co-Star
1,ABC ?,Forest Adventure,Done
2,Numbers ?,Ocean Mystery,Girl
3,Colors,Rainbow/Garden Mystery,Boy
4,Shapes,Sky/Stars Mystery,Girl
5,Capital Letters,Castle Mystery,Boy
6,Small Letters,Tiny World Mystery,Girl
7,Counting 1-20,Farm Mystery,Boy
8,Counting 1-100,Sky Stars Mystery,Girl
9,Opposites,Magic Mirror Mystery,Boy
10,Big & Small,Giant Land Mystery,Girl
11,Tall & Short,Mountain Mystery,Boy
12,Fast & Slow,Race Track Mystery,Girl
13,Hot & Cold,Fire & Ice Mystery,Boy
14,Day & Night,Sky Mystery,Girl
15,Up & Down,Hill Mystery,Boy
16,In & Out,Box Mystery,Girl
17,Front & Back,Train Mystery,Boy
18,Left & Right,Road Mystery,Girl
19,Soft & Hard,Pillow vs Rock Mystery,Boy
20,Same & Different,Twin Mystery,Girl
,,,
,,,
,,,
,,,
??ĀWORLD AROUND US (21-40),,,
,,,
#,Concept,Theme,
21,Animals,Jungle Sound Mystery,
22,Wild Animals,Safari Mystery,
23,Farm Animals,Barn Mystery,
24,Pet Animals,Lost Pet Mystery,
25,Sea Animals,Deep Ocean Mystery,
26,Birds,Sky Feather Mystery,
27,Insects,Bug Garden Mystery,
28,Reptiles,Desert Mystery,
29,Dinosaurs,Time Travel Mystery,
30,Fruits,Empty Tree Mystery,
31,Vegetables,Garden Dig Mystery,
32,Flowers,Magic Garden Mystery,
33,Trees,Forest Whisper Mystery,
34,Seeds & Plants,Growing Mystery,
35,Weather,Sky Change Mystery,
36,Seasons,Time Wheel Mystery,
37,"Sun, Moon, Stars",Sky Mystery,
38,Planets,Space Rocket Mystery,
39,Water Cycle,Cloud Mystery,
40,Day Routine,Clock Mystery,
,,,
,,,
,,,
,,,
??ĀDAILY LIFE (41-60),,,
,,,
#,Concept,Theme,
41,Body Parts,Mirror Mystery,
42,Five Senses,Hidden Senses Mystery,
43,Family Members,Lost Family Mystery,
44,Emotions/Feelings,Feeling Faces Mystery,
45,Good Habits,Habit Hero Mystery,
46,Healthy Food,Energy Mystery,
47,Junk vs Healthy,Tummy Mystery,
48,Hygiene,Germ Mystery,
49,Brushing Teeth,Smile Mystery,
50,Bath Time,Bubble Mystery,
51,Clothes,Wardrobe Mystery,
52,Footwear,Missing Shoe Mystery,
53,Home Items,House Hide & Seek,
54,Kitchen Items,Cooking Mystery,
55,Bedroom Items,Sleepy Mystery,
56,Toys,Toy Box Mystery,
57,School Items,Bag Mystery,
58,Safety Rules,Danger Mystery,
59,Good Manners,Magic Words Mystery,
60,Sharing & Caring,Friend Mystery,
,,,
,,,
,,,
,,,
??ĀTRANSPORT & PLACES (61-75),,,
,,,
#,Concept,Theme,
61,Vehicles,Road Mystery,
62,Road Vehicles,Traffic Mystery,
63,Water Vehicles,River Mystery,
64,Air Vehicles,Sky Mystery,
65,Emergency Vehicles,Help Mystery,
66,Trains,Railway Mystery,
67,Places in City,City Tour Mystery,
68,School,First Day Mystery,
69,Hospital,Doctor Mystery,
70,Park,Park Adventure,
71,Zoo,Zoo Escape Mystery,
72,Beach,Sandcastle Mystery,
73,Farm,Tractor Mystery,
74,Market,Shopping Mystery,
75,Library,Book Mystery,
,,,
,,,
,,,
,,,
??ĀCREATIVE & FUN (76-90),,,
,,,
#,Concept,Theme,
76,Musical Instruments,Sound Mystery,
77,Sports,Game Mystery,
78,Festivals,Celebration Mystery,
79,Jobs/Professions,Helper Mystery,
80,Tools,Toolbox Mystery,
81,Magic Words,Polite Mystery,
82,Action Words,Movement Mystery,
83,Rhyming Words,Echo Mystery,
84,Sight Words,Word Hunt Mystery,
85,Phonics Sounds,Sound Mystery,
86,Story Time,Bedtime Mystery,
87,Nursery Rhymes,Rhyme Mystery,
88,Lullabies,Sleep Mystery,
89,Riddles,Brain Mystery,
90,Puzzles,Piece Mystery,
,,,
,,,
,,,
,,,
??ĀSMART KIDS (91-110),,,
,,,
#,Concept,Theme,
91,Addition,Plus Mystery,
92,Subtraction,Minus Mystery,
93,Money/Coins,Treasure Mystery,
94,Time/Clock,Time Mystery,
95,Calendar,Date Mystery,
96,Days of Week,7 Days Mystery,
97,Months,12 Months Mystery,
98,Patterns,Repeat Mystery,
99,Sorting,Group Mystery,
100,Matching,Pair Mystery,
101,Tracing Letters,Pencil Mystery,
102,Tracing Numbers,Path Mystery,
103,Drawing,Art Mystery,
104,Coloring,Paint Mystery,
105,Crafts,Magic Hands Mystery,
106,Country Names,World Mystery,
107,Flags,Flag Mystery,
108,Languages,Hello Mystery,
109,Cultures,Dress Mystery,
110,Space Exploration,Astronaut Mystery,
,,,
#,Concept,Mystery Theme,
1,ABC Capital Letters,Forest Adventure ?,
2,abc Small Letters,Tiny Bug Mystery,
3,"Vowels (A,E,I,O,U)",5 Magic Stones Mystery,
4,Consonants,Hidden Treasure Mystery,
5,Phonics Sounds,Echo Cave Mystery,
6,A-Z Animals,Zoo Letter Mystery,
7,A-Z Fruits,Fruit Basket Mystery,
8,A-Z Vegetables,Garden Letter Mystery,
9,A-Z Birds,Sky Letter Mystery,
10,A-Z Flowers,Flower Letter Mystery,
11,A-Z Things at Home,House Hunt Mystery,
12,A-Z Vehicles,Road Letter Mystery,
13,A-Z Jobs,Helper Letter Mystery,
14,A-Z Body Parts,Body Letter Mystery,
15,A-Z Toys,Toy Letter Mystery,
16,A-Z Food,Kitchen Letter Mystery,
17,A-Z Insects,Bug Letter Mystery,
18,A-Z Sports,Game Letter Mystery,
19,A-Z Countries,World Letter Mystery,
20,A-Z Sea Animals,Ocean Letter Mystery,
21,Sight Words,Word Hunt Mystery,
22,Rhyming Words,Echo Mystery,
23,Beginning Sounds,First Sound Mystery,
24,Ending Sounds,Last Sound Mystery,
25,Tracing Letters,Pencil Path Mystery,
,,,
,,,
,,,
,,,
??ĀCATEGORY 2: NUMBERS & MATH (26-55),,,
,,,
#,Concept,Mystery Theme,
26,Numbers 1-10,Ocean Mystery ?,
27,Numbers 1-20,Forest Counting Mystery,
28,Numbers 1-50,Mountain Mystery,
29,Numbers 1-100,Sky Stars Mystery,
30,Counting Backwards,Rocket Launch Mystery,
31,Number Names,Word Number Mystery,
32,Even Numbers,Pair Mystery,
33,Odd Numbers,Lonely Mystery,
34,Addition (+),Plus Power Mystery,
35,Subtraction (-),Minus Magic Mystery,
36,Multiplication (ū),Group Mystery,
37,Division („),Sharing Mystery,
38,Number 1 Story,Single Mystery,
39,Number 2 Story,Twin Mystery,
40,Number 3 Story,Triangle Mystery,
41,Number 5 Story,Hand Mystery,
42,Number 10 Story,Finger Mystery,
43,Skip Counting (2s),Hop Mystery,
44,Skip Counting (5s),Jump Mystery,
45,Skip Counting (10s),Big Jump Mystery,
46,More & Less,Compare Mystery,
47,Greater & Smaller,Size Mystery,
48,"First, Second, Third",Race Mystery,
49,Half & Whole,Pizza Mystery,
50,Fractions,Cake Cut Mystery,
51,Money/Coins,Treasure Coin Mystery,
52,Time/Clock,Tick Tock Mystery,
53,Calendar Days,Date Mystery,
54,Measurement,Tape Mystery,
55,Weight (Heavy/Light),Balance Mystery,
,,,
,,,
,,,
,,,
??ĀCATEGORY 3: COLORS & SHAPES (56-80),,,
,,,
#,Concept,Mystery Theme,
56,Basic Colors,Garden Color Mystery,
57,Rainbow Colors,Rainbow Mystery,
58,Primary Colors,3 Magic Color Mystery,
59,Secondary Colors,Mixing Magic Mystery,
60,Warm Colors,Fire Mystery,
61,Cool Colors,Ice Mystery,
62,Color Mixing Science,Lab Mystery,
63,Black & White,Day Night Mystery,
64,Light & Dark Colors,Shadow Mystery,
65,Colors in Nature,Outdoor Mystery,
66,Colors of Fruits,Fruit Basket,
67,Colors of Flowers,Flower Mystery,
68,Colors of Animals,Zoo Color Mystery,
69,Basic Shapes,Sky Shape Mystery,
70,Circle Shapes,Round World Mystery,
71,Square Shapes,Box Mystery,
72,Triangle Shapes,Mountain Mystery,
73,Star Shapes,Night Sky Mystery,
74,Heart Shapes,Love Mystery,
75,Diamond Shapes,Treasure Mystery,
76,Oval Shapes,Egg Mystery,
77,Rectangle Shapes,Door Mystery,
78,3D Shapes,Solid Mystery,
79,Shapes Around Us,Home Shape Hunt,
80,Patterns,Repeat Mystery,
,,,
,,,
,,,
,,,
??ĀCATEGORY 4: NATURE & WORLD (81-120),,,
,,,
#,Concept,Mystery Theme,
81,Sun,Sunshine Mystery,
82,Moon,Night Glow Mystery,
83,Stars,Twinkle Mystery,
84,Clouds,Sky Cotton Mystery,
85,Rain,Rain Drop Mystery,
86,Snow,Snowflake Mystery,
87,Wind,Whoosh Mystery,
88,Thunder & Lightning,Boom Mystery,
89,Rainbow,7 Color Bridge Mystery,
90,Weather Types,Sky Change Mystery,
91,Seasons (All 4),Time Wheel Mystery,
92,Summer,Hot Sun Mystery,
93,Winter,Snowman Mystery,
94,Spring,Flower Bloom Mystery,
95,Autumn/Fall,Leaf Fall Mystery,
96,Day & Night,Sky Switch Mystery,
97,Morning Routine,Sunrise Mystery,
98,Evening Routine,Sunset Mystery,
99,Planets (8),Space Mystery,
100,Earth,Our Home Mystery,
101,Solar System,Big Space Mystery,
102,Galaxy,Star Cloud Mystery,
103,Black Hole,Space Vacuum Mystery,
104,Mountains,Tall Peak Mystery,
105,Rivers,Flowing Water Mystery,
106,Oceans,Big Blue Mystery,
107,Deserts,Hot Sand Mystery,
108,Forests,Green Mystery,
109,Islands,Lost Land Mystery,
110,Volcanoes,Hot Lava Mystery,
111,Earthquakes,Shake Mystery,
112,Water Cycle,Cloud Rain Mystery,
113,Air,Invisible Mystery,
114,Soil & Sand,Ground Mystery,
115,Rocks & Stones,Hard Mystery,
116,Fire,Hot Flame Mystery,
117,Ice,Cold Mystery,
118,Shadow,Dark Twin Mystery,
119,Reflection,Mirror Twin Mystery,
120,Echo,Sound Bounce Mystery,
,,,
,,,
,,,
,,,
??ĀCATEGORY 5: ANIMALS (121-160),,,
,,,
#,Concept,Mystery Theme,
121,Wild Animals,Jungle Roar Mystery,
122,Farm Animals,Barn Sound Mystery,
123,Pet Animals,Lost Pet Mystery,
124,Sea Animals,Deep Sea Mystery,
125,Birds,Feather Mystery,
126,Insects,Bug Trail Mystery,
127,Reptiles,Cold Blood Mystery,
128,Amphibians,Frog Pond Mystery,
129,Dinosaurs,Time Travel Mystery,
130,Animal Babies,Mommy Lost Mystery,
131,Animal Homes,Shelter Mystery,
132,Animal Sounds,Echo Mystery,
133,Animal Food,Hungry Mystery,
134,Lion,King Mystery,
135,Elephant,Trunk Mystery,
136,Giraffe,Tall Neck Mystery,
137,Monkey,Banana Mystery,
138,Tiger,Stripe Mystery,
139,Zebra,Black White Mystery,
140,Penguin,Ice Mystery,
141,Polar Bear,Snow Mystery,
142,Kangaroo,Pocket Mystery,
143,Cat,Whiskers Mystery,
144,Dog,Bone Mystery,
145,Cow,Milk Mystery,
146,Horse,Gallop Mystery,
147,Rabbit,Hop Mystery,
148,Duck,Pond Mystery,
149,Hen & Chick,Egg Mystery,
150,Fish,Bubble Mystery,
151,Shark,Big Teeth Mystery,
152,Whale,Giant Sea Mystery,
153,Dolphin,Smart Friend Mystery,
154,Octopus,8 Arms Mystery,
155,Turtle,Slow Shell Mystery,
156,Snake,Hiss Mystery,
157,Butterfly,Wing Color Mystery,
158,Bee,Honey Mystery,
159,Ant,Tiny Worker Mystery,
160,Spider,Web Mystery,
,,,
,,,
,,,
,,,
??ĀCATEGORY 6: PLANTS & FOOD (161-200),,,
,,,
#,Concept,Mystery Theme,
161,Trees,Forest Whisper Mystery,
162,Plants Growth,Seed to Tree Mystery,
163,Parts of Plant,Plant Body Mystery,
164,Roots,Under Ground Mystery,
165,Leaves,Green Mystery,
166,Flowers,Bloom Mystery,
167,Photosynthesis,Food Making Mystery,
168,Seeds,Tiny Magic Mystery,
169,Fruits,Empty Tree Mystery,
170,Vegetables,Garden Dig Mystery,
171,Grains,Field Mystery,
172,Apple Story,Red Fruit Mystery,
173,Banana Story,Yellow Curve Mystery,
174,Mango Story,Sweet King Mystery,
175,Orange Story,Round Juice Mystery,
176,Grapes Story,Bunch Mystery,
177,Watermelon Story,Big Green Mystery,
178,Strawberry Story,Tiny Red Mystery,
179,Carrot Story,Orange Dig Mystery,
180,Tomato Story,Red Round Mystery,
181,Potato Story,Underground Mystery,
182,Onion Story,Layer Mystery,
183,Healthy Food,Energy Mystery,
184,Junk Food,Tummy Trouble Mystery,
185,Breakfast,Morning Plate Mystery,
186,Lunch,Noon Bowl Mystery,
187,Dinner,Night Plate Mystery,
188,Snacks,Crunch Mystery,
189,Drinks,Liquid Mystery,
190,Water Importance,Thirsty Mystery,
191,Milk Story,White Power Mystery,
192,Bread Story,Bakery Mystery,
193,Rice Story,Field to Plate Mystery,
194,Egg Story,Shell Mystery,
195,Honey Story,Bee Gift Mystery,
196,Sugar Story,Sweet Mystery,
197,Salt Story,Taste Mystery,
198,Spices,Flavor Mystery,
199,Desserts,Sweet Treat Mystery,
200,Cooking Process,Kitchen Magic Mystery,
,,,
,,,
,,,
,,,
??ĀCATEGORY 7: BODY & HEALTH (201-230),,,
,,,
#,Concept,Mystery Theme,
201,Body Parts,Mirror Mystery,
202,Face Parts,Face Mystery,
203,Hand & Fingers,5 Helper Mystery,
204,Leg & Feet,Walking Mystery,
205,Eyes,See Mystery,
206,Ears,Hear Mystery,
207,Nose,Smell Mystery,
208,Tongue,Taste Mystery,
209,Skin,Touch Mystery,
210,5 Senses,Sense Detective Mystery,
211,Heart,Beat Mystery,
212,Brain,Think Mystery,
213,Bones,Skeleton Mystery,
214,Muscles,Strong Mystery,
215,Blood,Red River Mystery,
216,Teeth,Smile Mystery,
217,Hair,Grow Mystery,
218,Brushing Teeth,Germ Battle Mystery,
219,Bathing,Bubble Clean Mystery,
220,Hand Washing,Germ Wash Mystery,
221,Healthy Habits,Hero Habit Mystery,
222,Exercise,Strong Body Mystery,
223,Yoga for Kids,Stretch Mystery,
224,Sleeping Time,Dream Mystery,
225,Emotions/Feelings,Face Mood Mystery,
226,Happy & Sad,Smile Tear Mystery,
227,Angry & Calm,Volcano Mystery,
228,Scared & Brave,Hero Mystery,
229,Love & Care,Heart Mystery,
230,Doctor Visit,Health Mystery,
,,,
,,,
,,,
,,,
??ĀCATEGORY 8: HOME & FAMILY (231-260),,,
,,,
#,Concept,Mystery Theme,
231,Family Members,Lost Family Mystery,
232,Mother,Mommy Love Mystery,
233,Father,Daddy Hero Mystery,
234,Grandparents,Old Story Mystery,
235,Siblings,Brother Sister Mystery,
236,Home Rooms,House Tour Mystery,
237,Kitchen Items,Cooking Mystery,
238,Bedroom Items,Sleep Mystery,
239,Bathroom Items,Clean Mystery,
240,Living Room,TV Mystery,
241,Furniture,Sit Mystery,
242,Electric Items,Power Mystery,
243,Clothes,Wardrobe Mystery,
244,Winter Clothes,Warm Mystery,
245,Summer Clothes,Cool Mystery,
246,Rainy Clothes,Wet Mystery,
247,Footwear,Missing Shoe Mystery,
248,Accessories,Style Mystery,
249,Toys,Toy Box Mystery,
250,Books,Library Mystery,
251,School Bag,Bag Pack Mystery,
252,Stationery,Pencil Mystery,
253,Cleaning,Clean House Mystery,
254,Cooking,Recipe Mystery,
255,Eating Manners,Table Mystery,
256,Good Manners,Magic Words Mystery,
257,Sharing,Friend Mystery,
258,Helping,Helper Mystery,
259,Saying Sorry,Apology Mystery,
260,Saying Thank You,Gratitude Mystery,
,,,
,,,
,,,
,,,
??ĀCATEGORY 9: TRANSPORT & PLACES (261-290),,,
,,,
#,Concept,Mystery Theme,
261,Vehicles,Road Mystery,
262,Cars,Vroom Mystery,
263,Bus,School Bus Mystery,
264,Truck,Big Wheel Mystery,
265,Bike & Cycle,Pedal Mystery,
266,Train,Track Mystery,
267,Boat & Ship,Water Mystery,
268,Airplane,Sky Fly Mystery,
269,Helicopter,Spin Mystery,
270,Rocket,Space Launch Mystery,
271,Ambulance,Help Mystery,
272,Fire Truck,Rescue Mystery,
273,Police Car,Catch Mystery,
274,Tractor,Farm Mystery,
275,Traffic Signals,Light Mystery,
276,Road Safety,Safe Walk Mystery,
277,City,Big City Mystery,
278,Village,Quiet Mystery,
279,School,First Day Mystery,
280,Hospital,Doctor Mystery,
281,Park,Slide Mystery,
282,Zoo,Cage Mystery,
283,Beach,Sand Mystery,
284,Farm,Crop Mystery,
285,Market,Buy Mystery,
286,Library,Book Mystery,
287,Post Office,Letter Mystery,
288,Bank,Money Mystery,
289,Airport,Fly Away Mystery,
290,Restaurant,Food Order Mystery,
,,,
,,,
,,,
,,,
"??ĀCATEGORY 10: CULTURE, JOBS & FUN (291-330)",,,
,,,
#,Concept,Mystery Theme,
291,Jobs/Professions,Helper Mystery,
292,Doctor,Cure Mystery,
293,Teacher,School Mystery,
294,Farmer,Crop Mystery,
295,Police,Safe Mystery,
296,Firefighter,Flame Mystery,
297,Chef/Cook,Recipe Mystery,
298,Artist,Color Mystery,
299,Singer,Song Mystery,
300,Dancer,Step Mystery,
301,Astronaut,Space Mystery,
302,Pilot,Sky Mystery,
303,Sailor,Sea Mystery,
304,Festivals,Celebration Mystery,
305,Birthday,Cake Mystery,
306,Christmas,Santa Mystery,
307,Diwali,Light Mystery,
308,Holi,Color Mystery,
309,Eid,Moon Mystery,
310,New Year,Time Mystery,
311,Sports,Game Mystery,
312,Cricket,Ball Bat Mystery,
313,Football,Goal Mystery,
314,Swimming,Water Sport Mystery,
315,Running,Race Mystery,
316,Musical Instruments,Sound Mystery,
317,Guitar,String Mystery,
318,Drums,Beat Mystery,
319,Piano,Key Mystery,
320,Flute,Air Mystery,
321,Countries,World Mystery,
322,Flags,Flag Hunt Mystery,
323,Languages (Hello),Greeting Mystery,
324,World Famous Places,Wonder Mystery,
325,Currencies,Money World Mystery,
326,Cultural Dress,Style Mystery,
327,Magic Tricks,Wonder Mystery,
328,Science Experiments,Lab Mystery,
329,Inventions,Idea Mystery,
330,Future World,Robot Mystery,
,,,
,,,
,,,
??ĀTOTAL = 330 STORY CONCEPTS!Ā??,,,
,,,
,,,
?? Quick Summary:,,,
,,,
Category,Count,,
Letters & Phonics,25,,
Numbers & Math,30,,
Colors & Shapes,25,,
Nature & World,40,,
Animals,40,,
Plants & Food,40,,
Body & Health,30,,
Home & Family,30,,
Transport & Places,30,,
"Culture, Jobs & Fun",40,,
TOTAL,330,,
,,,
#,Concept,UNIQUE Theme,Co-Star
1,ABC,?? Forest Adventure ?,Done
2,Numbers 1-10,?? Ocean Mystery ?,Girl
3,Colors,?? Science Lab Magic,Boy
4,Shapes,?? Space Galaxy Mystery,Girl
5,Capital Letters,?? Royal Castle Mystery,Boy
6,Small Letters,?? Tiny Mushroom Village,Girl
7,Numbers 11-20,??? Desert Treasure Hunt,Boy
8,Numbers 1-100,?? Mountain Climb Mystery,Girl
9,Vowels,?? 5 Magic Crystal Cave,Boy
10,Phonics,?? Echo Valley Mystery,Girl
,,,
,,,
,,,
,,,
??ĀANIMALS Ś Each Different Theme,,,
,,,
#,Concept,UNIQUE Theme,Co-Star
11,Wild Animals,?? Safari Jeep Adventure,Boy
12,Farm Animals,?? Tractor Farm Mystery,Girl
13,Pet Animals,?? Lost Pet Home Mystery,Boy
14,Sea Animals,?? Submarine Deep Dive,Girl
15,Birds,?? Hot Air Balloon Sky Trip,Boy
16,Insects,?? Magnifying Glass Hunt,Girl
17,Reptiles,??? Lost Island Mystery,Boy
18,Dinosaurs,? Time Machine Journey,Girl
19,Jungle Animals,?? Vine Swing Adventure,Boy
20,Polar Animals,?? Igloo Ice Land Mystery,Girl
21,Desert Animals,?? Camel Caravan Trip,Boy
22,Forest Animals,?? Wooden Cabin Mystery,Girl
23,Night Animals,?? Moonlight Mystery,Boy
24,Baby Animals,?? Lost Mommy Mystery,Girl
25,Animal Sounds,?? Magic Radio Mystery,Boy
,,,
,,,
,,,
,,,
??ĀNATURE Ś Each Different Theme,,,
,,,
#,Concept,UNIQUE Theme,Co-Star
26,Trees,?? Talking Tree Forest,Girl
27,Flowers,?? Fairy Garden Mystery,Boy
28,Fruits,?? Picnic Basket Mystery,Girl
29,Vegetables,?? Underground Tunnel Dig,Boy
30,Seeds,?? Magic Bean Stalk Climb,Girl
31,Plants Growth,?? Greenhouse Mystery,Boy
32,Leaves,?? Autumn Wind Chase,Girl
33,Sun,?? Sky Castle Adventure,Boy
34,Moon,?? Moon Walk Mystery,Girl
35,Stars,? Star Catcher Net Mystery,Boy
36,Clouds,?? Cloud Roller Coaster,Girl
37,Rain,? Umbrella Dance Mystery,Boy
38,Snow,? Snowman Builder Mystery,Girl
39,Wind,?? Kite Flying Adventure,Boy
40,Rainbow,?? Rainbow Bridge Crossing,Girl
41,Thunder,? Storm Chase Mystery,Boy
42,Volcanoes,?? Lava Escape Mystery,Girl
43,Mountains,?? Rock Climb Mystery,Boy
44,Rivers,?? Canoe River Journey,Girl
45,Oceans,????? Pirate Ship Mystery,Boy
46,Deserts,?? Sand Dune Adventure,Girl
47,Forests,??? Camping Tent Mystery,Boy
48,Islands,??? Treasure Map Mystery,Girl
49,Caves,?? Flashlight Cave Mystery,Boy
50,Waterfalls,?? Hidden Falls Mystery,Girl
,,,
,,,
,,,
,,,
"??ĀCOLORS, SHAPES & PATTERNS",,,
,,,
#,Concept,UNIQUE Theme,Co-Star
51,Colors,?? Science Lab Magic,Boy
52,Rainbow Colors,?? Sky Bridge Mystery,Girl
53,Primary Colors,?? Paint Studio Mystery,Boy
54,Mixing Colors,?? Potion Maker Mystery,Girl
55,Warm Colors,?? Campfire Mystery,Boy
56,Cool Colors,?? Ice Palace Mystery,Girl
57,Shapes,?? Space Shape Hunt,Boy
58,Circle,? Wheel Factory Mystery,Girl
59,Triangle,?? Pyramid Egypt Mystery,Boy
60,Square,?? Block City Mystery,Girl
61,Star Shape,?? Wishing Star Mystery,Boy
62,Heart Shape,?? Love Land Mystery,Girl
63,3D Shapes,?? Crystal World Mystery,Boy
64,Patterns,?? Puzzle Land Mystery,Girl
,,,
,,,
,,,
,,,
??ĀMATH CONCEPTS,,,
,,,
#,Concept,UNIQUE Theme,Co-Star
65,Counting Backwards,?? Rocket Launch Countdown,Boy
66,Even Numbers,?? Twin Park Mystery,Girl
67,Odd Numbers,?? Lonely Hat Mystery,Boy
68,Addition,? Plus Power Gym,Girl
69,Subtraction,? Disappear Magic Show,Boy
70,Multiplication,?? Bunny Hop Multiply,Girl
71,Division,?? Pizza Sharing Mystery,Boy
72,Skip Counting,?? Kangaroo Jump Mystery,Girl
73,Big & Small,???? Elephant Mouse Mystery,Boy
74,More & Less,?? Balance Scale Mystery,Girl
75,First-Last,?? Race Track Mystery,Boy
76,Half & Whole,?? Bakery Cut Mystery,Girl
77,Money/Coins,?? Pirate Coin Mystery,Boy
78,Time/Clock,? Clock Tower Mystery,Girl
79,Calendar,?? Day Wheel Mystery,Boy
80,Measurement,?? Ruler Land Mystery,Girl
,,,
,,,
,,,
,,,
"??ĀBODY, HEALTH & EMOTIONS",,,
,,,
#,Concept,UNIQUE Theme,Co-Star
81,Body Parts,?? Magic Mirror Mystery,Boy
82,Face Parts,?? Mask Maker Mystery,Girl
83,5 Senses,??? Detective Senses Mystery,Boy
84,Eyes,??? Eye Spy Mystery,Girl
85,Ears,?? Sound Wave Mystery,Boy
86,Nose,?? Smell Trail Mystery,Girl
87,Tongue,?? Taste Test Mystery,Boy
88,Skin/Touch,?? Texture Box Mystery,Girl
89,Heart,?? Heartbeat Drum Mystery,Boy
90,Brain,?? Thinking Cap Mystery,Girl
91,Bones,?? Skeleton Dance Mystery,Boy
92,Teeth,?? Tooth Fairy Mystery,Girl
93,Healthy Habits,?? Superhero Habit Mystery,Boy
94,Exercise,??? Gym Land Mystery,Girl
95,Brushing,?? Germ Battle Mystery,Boy
96,Bath Time,?? Bubble Land Mystery,Girl
97,Hand Washing,?? Soap Hero Mystery,Boy
98,Sleep Time,?? Dream Cloud Mystery,Girl
99,Emotions,?? Feeling Faces Mystery,Boy
100,Happy & Sad,????? Weather Mood Mystery,Girl
,,,
,,,
,,,
,,,
"??ĀHOME, FAMILY & LIFE",,,
,,,
#,Concept,UNIQUE Theme,Co-Star
101,Family Members,?? Family Tree Mystery,Boy
102,Mother Love,?? Mommy's Hug Mystery,Girl
103,Father Hero,?? Daddy's Toolbox Mystery,Boy
104,Grandparents,?? Old Story Book Mystery,Girl
105,Siblings,?? Treasure Hunt Together,Boy
106,Home Tour,?? Mystery Door Mystery,Girl
107,Kitchen,?? Chef Squirrel Mystery,Boy
108,Bedroom,??? Pillow Fort Mystery,Girl
109,Bathroom,?? Shower Splash Mystery,Boy
110,Living Room,?? Remote Control Mystery,Girl
111,Garden Home,?? Backyard Mystery,Boy
112,Furniture,?? Talking Chair Mystery,Girl
113,Clothes,?? Wardrobe Portal Mystery,Boy
114,Winter Clothes,?? Snow Gear Mystery,Girl
115,Summer Clothes,?? Beach Trip Mystery,Boy
116,Footwear,?? Missing Shoe Mystery,Girl
117,Hat & Accessories,?? Magic Hat Shop,Boy
118,Toys,?? Toy Box Comes Alive,Girl
119,Books,?? Story Book Portal,Boy
120,Manners,? Magic Words Mystery,Girl
,,,
,,,
,,,
,,,
??ĀTRANSPORT & PLACES,,,
,,,
#,Concept,UNIQUE Theme,Co-Star
121,Vehicles,??? Highway Race Mystery,Boy
122,Cars,?? Racing Track Mystery,Girl
123,Bus,?? School Bus Mystery,Boy
124,Truck,?? Big Wheel Junction,Girl
125,Train,?? Choo-Choo Tunnel Mystery,Boy
126,Boat/Ship,? Sailor Adventure,Girl
127,Airplane,?? Cloud Hopper Mystery,Boy
128,Helicopter,?? Sky Spin Rescue,Girl
129,Rocket,?? Mars Mission Mystery,Boy
130,Submarine,??? Deep Sea Spy Mystery,Girl
131,Ambulance,?? Hospital Race Mystery,Boy
132,Fire Truck,?? Flame Rescue Mystery,Girl
133,Police Car,?? Catch Thief Mystery,Boy
134,Bicycle,?? Park Trail Mystery,Girl
135,Traffic Rules,?? Signal Hero Mystery,Boy
136,School,?? First Day Mystery,Girl
137,Hospital,?? Get Well Mystery,Boy
138,Park,?? Carnival Park Mystery,Girl
139,Zoo,?? Animal Escape Mystery,Boy
140,Beach,??? Sandcastle Mystery,Girl
141,Farm Visit,?? Crop Field Mystery,Boy
142,Market,?? Shopping Cart Mystery,Girl
143,Library,?? Hidden Book Mystery,Boy
144,Restaurant,??? Chef Mystery,Girl
145,Airport,?? Lost Luggage Mystery,Boy
,,,
,,,
,,,
,,,
??ĀJOBS & PROFESSIONS,,,
,,,
#,Concept,UNIQUE Theme,Co-Star
146,Doctor,?? Cure Mystery Hospital,Girl
147,Teacher,?? Magic Classroom Mystery,Boy
148,Farmer,?? Crop Save Mystery,Girl
149,Police,?? Catch Bad Mystery,Boy
150,Firefighter,?? Flame Hero Mystery,Girl
151,Chef,????? Recipe Lost Mystery,Boy
152,Artist,?? Color Lost Mystery,Girl
153,Astronaut,????? Space Walk Mystery,Boy
154,Pilot,?? Cockpit Mystery,Girl
155,Sailor,? Sea Captain Mystery,Boy
156,Scientist,?? Lab Discovery Mystery,Girl
157,Engineer,?? Build Bridge Mystery,Boy
158,Mechanic,?? Fix Car Mystery,Girl
159,Tailor,?? Stitching Mystery,Boy
160,Baker,?? Bread Bake Mystery,Girl
161,Gardener,?? Plant Hero Mystery,Boy
162,Postman,?? Letter Lost Mystery,Girl
163,Singer,?? Lost Voice Mystery,Boy
164,Dancer,?? Dance Step Mystery,Girl
165,Magician,?? Trick Mystery,Boy
,,,
,,,
,,,
,,,
"??ĀWORLD, SPACE & SCIENCE",,,
,,,
#,Concept,UNIQUE Theme,Co-Star
166,Planets,?? Solar System Tour,Girl
167,Earth,?? Save Earth Mystery,Boy
168,Sun,?? Sun Visit Mystery,Girl
169,Moon,?? Moon Crater Mystery,Boy
170,Stars,? Star Map Mystery,Girl
171,Galaxy,?? Milky Way Mystery,Boy
172,Space,?? Alien Friend Mystery,Girl
173,Black Hole,??? Space Vacuum Mystery,Boy
174,Gravity,?? Falling Apple Mystery,Girl
175,Magnets,?? Pull-Push Mystery,Boy
176,Light & Shadow,?? Shadow Twin Mystery,Girl
177,Sound,?? Echo Cave Mystery,Boy
178,Water States,?? Ice-Water-Steam Mystery,Girl
179,Air,??? Invisible Force Mystery,Boy
180,Fire,?? Flame Friend Mystery,Girl
181,Electricity,? Power Plant Mystery,Boy
182,Energy,?? Battery Hero Mystery,Girl
183,Inventions,?? Light Bulb Mystery,Boy
184,Robots,?? Robot Friend Mystery,Girl
185,Computers,?? Pixel World Mystery,Boy
,,,
,,,
,,,
,,,
"??ĀFESTIVALS, CULTURE & FUN",,,
,,,
#,Concept,UNIQUE Theme,Co-Star
186,Birthday,?? Cake Lost Mystery,Girl
187,Christmas,?? Santa Workshop Mystery,Boy
188,Halloween,?? Pumpkin Patch Mystery,Girl
189,Diwali,?? Lamp Light Mystery,Boy
190,Holi,?? Color Festival Mystery,Girl
191,Eid,?? Crescent Moon Mystery,Boy
192,New Year,?? Fireworks Mystery,Girl
193,Easter,?? Egg Hunt Mystery,Boy
194,Thanksgiving,?? Turkey Mystery,Girl
195,Mother's Day,?? Flower Gift Mystery,Boy
196,Father's Day,?? Tie Gift Mystery,Girl
197,Independence Day,?? Flag Hunt Mystery,Boy
198,Sports Day,?? Medal Mystery,Girl
199,Picnic,?? Picnic Lost Mystery,Boy
200,Carnival,?? Funfair Mystery,Girl
,,,
,,,
,,,
,,,
"?ĀSPORTS, MUSIC & ARTS",,,
,,,
#,Concept,UNIQUE Theme,Co-Star
201,Cricket,?? Bat & Ball Mystery,Boy
202,Football,? Goal Post Mystery,Girl
203,Basketball,?? Court Mystery,Boy
204,Swimming,?? Pool Lane Mystery,Girl
205,Cycling,?? Trail Mystery,Boy
206,Running,?? Race Day Mystery,Girl
207,Tennis,?? Lost Ball Mystery,Boy
208,Yoga,?? Pose Mystery,Girl
209,Martial Arts,?? Karate Kick Mystery,Boy
210,Skating,?? Ice Rink Mystery,Girl
211,Guitar,?? String Lost Mystery,Boy
212,Drums,?? Beat Mystery,Girl
213,Piano,?? Key Mystery,Boy
214,Flute,?? Sound Mystery,Girl
215,Violin,?? Symphony Mystery,Boy
216,Painting,??? Brush Lost Mystery,Girl
217,Drawing,?? Pencil Mystery,Boy
218,Craft,?? Paper Magic Mystery,Girl
219,Origami,?? Folding Mystery,Boy
220,Pottery,?? Clay Mystery,Girl
,,,
,,,
,,,
,,,
??ĀCOUNTRIES & LANGUAGES,,,
,,,
#,Concept,UNIQUE Theme,Co-Star
221,World Map,??? Globe Spin Mystery,Boy
222,India,???? Taj Mahal Mystery,Girl
223,USA,???? Statue Liberty Mystery,Boy
224,Japan,???? Cherry Blossom Mystery,Girl
225,China,???? Great Wall Mystery,Boy
226,Egypt,???? Pyramid Mystery,Girl
227,France,???? Eiffel Tower Mystery,Boy
228,Brazil,???? Amazon Mystery,Girl
229,Australia,???? Kangaroo Land,Boy
230,Africa,?? Safari Mystery,Girl
231,Hello in Languages,?? Greeting Mystery,Boy
232,World Famous Places,??? 7 Wonders Mystery,Girl
233,World Flags,?? Flag Maker Mystery,Boy
234,Currencies,?? Money World Mystery,Girl
235,Traditional Dresses,?? Costume Mystery,Boy
,,,
,,,
,,,
,,,
??ĀVALUES & LIFE SKILLS,,,
,,,
#,Concept,UNIQUE Theme,Co-Star
236,Sharing,?? Cookie Share Mystery,Girl
237,Helping,?? Helper Hero Mystery,Boy
238,Caring,?? Care Bear Mystery,Girl
239,Honesty,?? Truth Star Mystery,Boy
240,Kindness,?? Kind Butterfly Mystery,Girl
241,Patience,? Sand Clock Mystery,Boy
242,Courage,?? Brave Lion Mystery,Girl
243,Hard Work,?? Ant Worker Mystery,Boy
244,Discipline,? Routine Mystery,Girl
245,Respect,?? Bow Down Mystery,Boy
246,Friendship,?? Best Friend Mystery,Girl
247,Teamwork,?? Team Up Mystery,Boy
248,Forgiveness,????? Heal Mystery,Girl
249,Gratitude,?? Thank You Mystery,Boy
250,Saving Water,?? Water Hero Mystery,Girl
251,Saving Energy,?? Switch Off Mystery,Boy
252,Plant Trees,?? Green Earth Mystery,Girl
253,Stop Pollution,?? Clean City Mystery,Boy
254,Animal Care,?? Pet Care Mystery,Girl
255,Recycling,?? Trash Hero Mystery,Boy
,,,
,,,
,,,
,,,
??ĀEXTRA FUN ADVENTURES,,,
,,,
#,Concept,UNIQUE Theme,Co-Star
256,Circus Visit,?? Big Top Mystery,Girl
257,Amusement Park,?? Ride Mystery,Boy
258,Magic Show,?? Disappear Mystery,Girl
259,Puppet Show,?? Puppet Mystery,Boy
260,Bookshop,?? Talking Book Mystery,Girl
261,Music Concert,?? Stage Mystery,Boy
262,Movie Night,?? Cinema Mystery,Girl
263,Camping,? Tent Mystery,Boy
264,Treasure Hunt,?? Map Mystery,Girl
265,Pirate Adventure,????? Pirate Ship Mystery,Boy
266,Fairy Tale,?? Fairy Wing Mystery,Girl
267,Knight & Castle,?? Sword Mystery,Boy
268,Mermaid World,?? Underwater Mystery,Girl
269,Dragon Land,?? Dragon Egg Mystery,Boy
270,Unicorn Forest,?? Magic Horn Mystery,Girl
,,,
,,,
,,,
,,,
??ĀSMART LEARNING,,,
,,,
#,Concept,UNIQUE Theme,Co-Star
271,Riddles,?? Question Mystery,Boy
272,Brain Games,?? Puzzle Mystery,Girl
273,Memory Games,?? Match Card Mystery,Boy
274,Spot Difference,?? Detective Mystery,Girl
275,Hidden Objects,?? Eye Hunt Mystery,Boy
276,Maze,?? Maze Escape Mystery,Girl
277,Coding Basics,?? Robot Code Mystery,Boy
278,Logic Thinking,?? Think Tank Mystery,Girl
279,Word Building,?? Letter Brick Mystery,Boy
280,Number Pattern,?? Number Chain Mystery,Girl
,,,
,,,
,,,
,,,
??ĀSPECIAL THEMES,,,
,,,
#,Concept,UNIQUE Theme,Co-Star
281,Days of Week,?? 7 Door Mystery,Boy
282,Months,??? 12 Land Mystery,Girl
283,Seasons,?? 4 Kingdom Mystery,Boy
284,Morning Routine,?? Sunrise Race Mystery,Girl
285,Night Routine,?? Star Bed Mystery,Boy
286,Sleep & Dreams,?? Dream World Mystery,Girl
287,Imagination,?? Cloud Castle Mystery,Boy
288,Wishes & Goals,? Wish Tree Mystery,Girl
289,Birthday Party,?? Surprise Mystery,Boy
290,New Baby,?? Cradle Mystery,Girl
291,First School Day,?? New Friend Mystery,Boy
292,Summer Vacation,??? Holiday Mystery,Girl
293,Family Trip,?? Road Trip Mystery,Boy
294,Surprise Gift,?? Mystery Box,Girl
295,Lost & Found,?? Search Mystery,Boy
296,Magic Wand,?? Wish Granter Mystery,Girl
297,Magic Mirror,?? Reflection Mystery,Boy
298,Magic Book,?? Story Jump Mystery,Girl
299,Magic Carpet,?? Fly Adventure Mystery,Boy
300,Magic Key,??? Door Unlock Mystery,Girl
,,,
,,,
,,,
,,,
??ĀBONUS UNIQUE THEMES (301-320),,,
,,,
#,Concept,UNIQUE Theme,Co-Star
301,Underwater City,?? Atlantis Mystery,Boy
302,Sky City,?? Cloud Kingdom Mystery,Girl
303,Inside a Volcano,?? Lava Lab Mystery,Boy
304,Inside Human Body,?? Body Tour Mystery,Girl
305,Inside a Beehive,?? Honey Maze Mystery,Boy
306,Inside an Anthill,?? Tunnel Mystery,Girl
307,Mini World (Shrink),?? Tiny Tiny Mystery,Boy
308,Giant World (Big),?? Giant Land Mystery,Girl
309,Upside Down World,?? Flip World Mystery,Boy
310,Black & White World,?? Color Lost Mystery,Girl
311,Candy World,?? Sweet Land Mystery,Boy
312,Ice Cream World,?? Frozen Mystery,Girl
313,Toy World,?? Toys Alive Mystery,Boy
314,Crayon World,??? Drawing Comes Alive,Girl
315,Book World,?? Story Inside Mystery,Boy
316,Dream World,?? Cloud Bed Mystery,Girl
317,Music World,?? Note Land Mystery,Boy
318,Rainbow World,?? 7 Land Mystery,Girl
319,Mirror World,?? Reverse Mystery,Boy
320,Future World,?? Year 3000 Mystery,Girl
,,,
,"#ConceptUNIQUE ThemeCo-Star1ABC?? Forest Adventure ?Done2Numbers 1-10?? Ocean Mystery ?Girl3Colors?? Science Lab MagicBoy4Shapes?? Space Galaxy MysteryGirl5Capital Letters?? Royal Castle MysteryBoy6Small Letters?? Tiny Mushroom VillageGirl7Numbers 11-20?? Desert Treasure HuntBoy8Numbers 1-100? Mountain Climb MysteryGirl9Vowels?? 5 Magic Crystal CaveBoy10Phonics?? Echo Valley MysteryGirl ?? ANIMALS Ś Each Different Theme #ConceptUNIQUE ThemeCo-Star11Wild Animals?? Safari Jeep AdventureBoy12Farm Animals?? Tractor Farm MysteryGirl13Pet Animals?? Lost Pet Home MysteryBoy14Sea Animals?? Submarine Deep DiveGirl15Birds?? Hot Air Balloon Sky TripBoy16Insects?? Magnifying Glass HuntGirl17Reptiles?? Lost Island MysteryBoy18Dinosaurs? Time Machine JourneyGirl19Jungle Animals?? Vine Swing AdventureBoy20Polar Animals? Igloo Ice Land MysteryGirl21Desert Animals?? Camel Caravan TripBoy22Forest Animals?? Wooden Cabin MysteryGirl23Night Animals?? Moonlight MysteryBoy24Baby Animals?? Lost Mommy MysteryGirl25Animal Sounds?? Magic Radio MysteryBoy ?? NATURE Ś Each Different Theme #ConceptUNIQUE ThemeCo-Star26Trees?? Talking Tree ForestGirl27Flowers?? Fairy Garden MysteryBoy28Fruits?? Picnic Basket MysteryGirl29Vegetables?? Underground Tunnel DigBoy30Seeds?? Magic Bean Stalk ClimbGirl31Plants Growth?? Greenhouse MysteryBoy32Leaves?? Autumn Wind ChaseGirl33Sun? Sky Castle AdventureBoy34Moon?? Moon Walk MysteryGirl35Stars? Star Catcher Net MysteryBoy36Clouds?? Cloud Roller CoasterGirl37Rain? Umbrella Dance MysteryBoy38Snow? Snowman Builder MysteryGirl39Wind?? Kite Flying AdventureBoy40Rainbow?? Rainbow Bridge CrossingGirl41Thunder? Storm Chase MysteryBoy42Volcanoes?? Lava Escape MysteryGirl43Mountains?? Rock Climb MysteryBoy44Rivers?? Canoe River JourneyGirl45Oceans??? Pirate Ship MysteryBoy46Deserts?? Sand Dune AdventureGirl47Forests?? Camping Tent MysteryBoy48Islands?? Treasure Map MysteryGirl49Caves?? Flashlight Cave MysteryBoy50Waterfalls?? Hidden Falls MysteryGirl ?? COLORS, SHAPES & PATTERNS #ConceptUNIQUE ThemeCo-Star51Colors?? Science Lab MagicBoy52Rainbow Colors?? Sky Bridge MysteryGirl53Primary Colors?? Paint Studio MysteryBoy54Mixing Colors? Potion Maker MysteryGirl55Warm Colors?? Campfire MysteryBoy56Cool Colors?? Ice Palace MysteryGirl57Shapes?? Space Shape HuntBoy58Circle? Wheel Factory MysteryGirl59Triangle?? Pyramid Egypt MysteryBoy60Square?? Block City MysteryGirl61Star Shape?? Wishing Star MysteryBoy62Heart Shape?? Love Land MysteryGirl633D Shapes?? Crystal World MysteryBoy64Patterns?? Puzzle Land MysteryGirl ?? MATH CONCEPTS #ConceptUNIQUE ThemeCo-Star65Counting Backwards?? Rocket Launch CountdownBoy66Even Numbers?? Twin Park MysteryGirl67Odd Numbers?? Lonely Hat MysteryBoy68Addition? Plus Power GymGirl69Subtraction? Disappear Magic ShowBoy70Multiplication?? Bunny Hop MultiplyGirl71Division?? Pizza Sharing MysteryBoy72Skip Counting?? Kangaroo Jump MysteryGirl73Big & Small???? Elephant Mouse MysteryBoy74More & Less? Balance Scale MysteryGirl75First-Last?? Race Track MysteryBoy76Half & Whole?? Bakery Cut MysteryGirl77Money/Coins?? Pirate Coin MysteryBoy78Time/Clock? Clock Tower MysteryGirl79Calendar?? Day Wheel MysteryBoy80Measurement?? Ruler Land MysteryGirl ?? BODY, HEALTH & EMOTIONS #ConceptUNIQUE ThemeCo-Star81Body Parts?? Magic Mirror MysteryBoy82Face Parts?? Mask Maker MysteryGirl835 Senses?? Detective Senses MysteryBoy84Eyes?? Eye Spy MysteryGirl85Ears?? Sound Wave MysteryBoy86Nose?? Smell Trail MysteryGirl87Tongue?? Taste Test MysteryBoy88Skin/Touch?? Texture Box MysteryGirl89Heart? Heartbeat Drum MysteryBoy90Brain?? Thinking Cap MysteryGirl91Bones?? Skeleton Dance MysteryBoy92Teeth?? Tooth Fairy MysteryGirl93Healthy Habits?? Superhero Habit MysteryBoy94Exercise?? Gym Land MysteryGirl95Brushing?? Germ Battle MysteryBoy96Bath Time?? Bubble Land MysteryGirl97Hand Washing?? Soap Hero MysteryBoy98Sleep Time?? Dream Cloud MysteryGirl99Emotions?? Feeling Faces MysteryBoy100Happy & Sad???? Weather Mood MysteryGirl ?? HOME, FAMILY & LIFE #ConceptUNIQUE ThemeCo-Star101Family Members?? Family Tree MysteryBoy102Mother Love?? Mommy's Hug MysteryGirl103Father Hero?? Daddy's Toolbox MysteryBoy104Grandparents?? Old Story Book MysteryGirl105Siblings?? Treasure Hunt TogetherBoy106Home Tour?? Mystery Door MysteryGirl107Kitchen?? Chef Squirrel MysteryBoy108Bedroom?? Pillow Fort MysteryGirl109Bathroom?? Shower Splash MysteryBoy110Living Room?? Remote Control MysteryGirl111Garden Home?? Backyard MysteryBoy112Furniture?? Talking Chair MysteryGirl113Clothes?? Wardrobe Portal MysteryBoy114Winter Clothes?? Snow Gear MysteryGirl115Summer Clothes?? Beach Trip MysteryBoy116Footwear?? Missing Shoe MysteryGirl117Hat & Accessories?? Magic Hat ShopBoy118Toys?? Toy Box Comes AliveGirl119Books?? Story Book PortalBoy120Manners? Magic Words MysteryGirl ?? TRANSPORT & PLACES #ConceptUNIQUE ThemeCo-Star121Vehicles?? Highway Race MysteryBoy122Cars?? Racing Track MysteryGirl123Bus?? School Bus MysteryBoy124Truck?? Big Wheel JunctionGirl125Train?? Choo-Choo Tunnel MysteryBoy126Boat/Ship? Sailor AdventureGirl127Airplane? Cloud Hopper MysteryBoy128Helicopter?? Sky Spin RescueGirl129Rocket?? Mars Mission MysteryBoy130Submarine?? Deep Sea Spy MysteryGirl131Ambulance?? Hospital Race MysteryBoy132Fire Truck?? Flame Rescue MysteryGirl133Police Car?? Catch Thief MysteryBoy134Bicycle?? Park Trail MysteryGirl135Traffic Rules?? Signal Hero MysteryBoy136School?? First Day MysteryGirl137Hospital?? Get Well MysteryBoy138Park?? Carnival Park MysteryGirl139Zoo?? Animal Escape MysteryBoy140Beach?? Sandcastle MysteryGirl141Farm Visit?? Crop Field MysteryBoy142Market?? Shopping Cart MysteryGirl143Library?? Hidden Book MysteryBoy144Restaurant?? Chef MysteryGirl145Airport?? Lost Luggage MysteryBoy ?? JOBS & PROFESSIONS #ConceptUNIQUE ThemeCo-Star146Doctor?? Cure Mystery HospitalGirl147Teacher?? Magic Classroom MysteryBoy148Farmer?? Crop Save MysteryGirl149Police?? Catch Bad MysteryBoy150Firefighter?? Flame Hero MysteryGirl151Chef???? Recipe Lost MysteryBoy152Artist?? Color Lost MysteryGirl153Astronaut???? Space Walk MysteryBoy154Pilot? Cockpit MysteryGirl155Sailor? Sea Captain MysteryBoy156Scientist?? Lab Discovery MysteryGirl157Engineer?? Build Bridge MysteryBoy158Mechanic?? Fix Car MysteryGirl159Tailor? Stitching MysteryBoy160Baker?? Bread Bake MysteryGirl161Gardener?? Plant Hero MysteryBoy162Postman?? Letter Lost MysteryGirl163Singer?? Lost Voice MysteryBoy164Dancer?? Dance Step MysteryGirl165Magician?? Trick MysteryBoy ?? WORLD, SPACE & SCIENCE #ConceptUNIQUE ThemeCo-Star166Planets?? Solar System TourGirl167Earth?? Save Earth MysteryBoy168Sun?? Sun Visit MysteryGirl169Moon?? Moon Crater MysteryBoy170Stars? Star Map MysteryGirl171Galaxy?? Milky Way MysteryBoy172Space?? Alien Friend MysteryGirl173Black Hole?? Space Vacuum MysteryBoy174Gravity?? Falling Apple MysteryGirl175Magnets?? Pull-Push MysteryBoy176Light & Shadow?? Shadow Twin MysteryGirl177Sound?? Echo Cave MysteryBoy178Water States?? Ice-Water-Steam MysteryGirl179Air?? Invisible Force MysteryBoy180Fire?? Flame Friend MysteryGirl181Electricity? Power Plant MysteryBoy182Energy?? Battery Hero MysteryGirl183Inventions?? Light Bulb MysteryBoy184Robots?? Robot Friend MysteryGirl185Computers?? Pixel World MysteryBoy ?? FESTIVALS, CULTURE & FUN #ConceptUNIQUE ThemeCo-Star186Birthday?? Cake Lost MysteryGirl187Christmas?? Santa Workshop MysteryBoy188Halloween?? Pumpkin Patch MysteryGirl189Diwali?? Lamp Light MysteryBoy190Holi?? Color Festival MysteryGirl191Eid?? Crescent Moon MysteryBoy192New Year?? Fireworks MysteryGirl193Easter?? Egg Hunt MysteryBoy194Thanksgiving?? Turkey MysteryGirl195Mother's Day?? Flower Gift MysteryBoy196Father's Day?? Tie Gift MysteryGirl197Independence Day?? Flag Hunt MysteryBoy198Sports Day?? Medal MysteryGirl199Picnic?? Picnic Lost MysteryBoy200Carnival?? Funfair MysteryGirl ? SPORTS, MUSIC & ARTS #ConceptUNIQUE ThemeCo-Star201Cricket?? Bat & Ball MysteryBoy202Football? Goal Post MysteryGirl203Basketball?? Court MysteryBoy204Swimming?? Pool Lane MysteryGirl205Cycling?? Trail MysteryBoy206Running?? Race Day MysteryGirl207Tennis?? Lost Ball MysteryBoy208Yoga?? Pose MysteryGirl209Martial Arts?? Karate Kick MysteryBoy210Skating? Ice Rink MysteryGirl211Guitar?? String Lost MysteryBoy212Drums?? Beat MysteryGirl213Piano?? Key MysteryBoy214Flute?? Sound MysteryGirl215Violin?? Symphony MysteryBoy216Painting?? Brush Lost MysteryGirl217Drawing? Pencil MysteryBoy218Craft? Paper Magic MysteryGirl219Origami?? Folding MysteryBoy220Pottery?? Clay MysteryGirl ?? COUNTRIES & LANGUAGES #ConceptUNIQUE ThemeCo-Star221World Map?? Globe Spin MysteryBoy222India???? Taj Mahal MysteryGirl223USA???? Statue Liberty MysteryBoy224Japan???? Cherry Blossom MysteryGirl225China???? Great Wall MysteryBoy226Egypt???? Pyramid MysteryGirl227France???? Eiffel Tower MysteryBoy228Brazil???? Amazon MysteryGirl229Australia???? Kangaroo LandBoy230Africa?? Safari MysteryGirl231Hello in Languages?? Greeting MysteryBoy232World Famous Places?? 7 Wonders MysteryGirl233World Flags?? Flag Maker MysteryBoy234Currencies?? Money World MysteryGirl235Traditional Dresses?? Costume MysteryBoy ?? VALUES & LIFE SKILLS #ConceptUNIQUE ThemeCo-Star236Sharing?? Cookie Share MysteryGirl237Helping?? Helper Hero MysteryBoy238Caring?? Care Bear MysteryGirl239Honesty?? Truth Star MysteryBoy240Kindness?? Kind Butterfly MysteryGirl241Patience? Sand Clock MysteryBoy242Courage?? Brave Lion MysteryGirl243Hard Work?? Ant Worker MysteryBoy244Discipline? Routine MysteryGirl245Respect?? Bow Down MysteryBoy246Friendship?? Best Friend MysteryGirl247Teamwork?? Team Up MysteryBoy248Forgiveness???? Heal MysteryGirl249Gratitude?? Thank You MysteryBoy250Saving Water?? Water Hero MysteryGirl251Saving Energy?? Switch Off MysteryBoy252Plant Trees?? Green Earth MysteryGirl253Stop Pollution?? Clean City MysteryBoy254Animal Care?? Pet Care MysteryGirl255Recycling? Trash Hero MysteryBoy ?? EXTRA FUN ADVENTURES #ConceptUNIQUE ThemeCo-Star256Circus Visit?? Big Top MysteryGirl257Amusement Park?? Ride MysteryBoy258Magic Show?? Disappear MysteryGirl259Puppet Show?? Puppet MysteryBoy260Bookshop?? Talking Book MysteryGirl261Music Concert?? Stage MysteryBoy262Movie Night?? Cinema MysteryGirl263Camping? Tent MysteryBoy264Treasure Hunt?? Map MysteryGirl265Pirate Adventure??? Pirate Ship MysteryBoy266Fairy Tale?? Fairy Wing MysteryGirl267Knight & Castle? Sword MysteryBoy268Mermaid World?? Underwater MysteryGirl269Dragon Land?? Dragon Egg MysteryBoy270Unicorn Forest?? Magic Horn MysteryGirl ?? SMART LEARNING #ConceptUNIQUE ThemeCo-Star271Riddles?? Question MysteryBoy272Brain Games?? Puzzle MysteryGirl273Memory Games?? Match Card MysteryBoy274Spot Difference?? Detective MysteryGirl275Hidden Objects?? Eye Hunt MysteryBoy276Maze?? Maze Escape MysteryGirl277Coding Basics?? Robot Code MysteryBoy278Logic Thinking?? Think Tank MysteryGirl279Word Building?? Letter Brick MysteryBoy280Number Pattern?? Number Chain MysteryGirl ?? SPECIAL THEMES #ConceptUNIQUE ThemeCo-Star281Days of Week?? 7 Door MysteryBoy282Months?? 12 Land MysteryGirl283Seasons?? 4 Kingdom MysteryBoy284Morning Routine?? Sunrise Race MysteryGirl285Night Routine?? Star Bed MysteryBoy286Sleep & Dreams?? Dream World MysteryGirl287Imagination?? Cloud Castle MysteryBoy288Wishes & Goals? Wish Tree MysteryGirl289Birthday Party?? Surprise MysteryBoy290New Baby?? Cradle MysteryGirl291First School Day?? New Friend MysteryBoy292Summer Vacation?? Holiday MysteryGirl293Family Trip?? Road Trip MysteryBoy294Surprise Gift?? Mystery BoxGirl295Lost & Found?? Search MysteryBoy296Magic Wand?? Wish Granter MysteryGirl297Magic Mirror?? Reflection MysteryBoy298Magic Book?? Story Jump MysteryGirl299Magic Carpet?? Fly Adventure MysteryBoy300Magic Key?? Door Unlock MysteryGirl ?? BONUS UNIQUE THEMES (301-320) #ConceptUNIQUE ThemeCo-Star301Underwater City?? Atlantis MysteryBoy302Sky City? Cloud Kingdom MysteryGirl303Inside a Volcano?? Lava Lab MysteryBoy304Inside Human Body?? Body Tour MysteryGirl305Inside a Beehive?? Honey Maze MysteryBoy306Inside an Anthill?? Tunnel MysteryGirl307Mini World (Shrink)?? Tiny Tiny MysteryBoy308Giant World (Big)?? Giant Land MysteryGirl309Upside Down World?? Flip World MysteryBoy310Black & White World?? Color Lost MysteryGirl311Candy World?? Sweet Land MysteryBoy312Ice Cream World?? Frozen MysteryGirl313Toy World?? Toys Alive MysteryBoy314Crayon World?? Drawing Comes AliveGirl315Book World?? Story Inside MysteryBoy316Dream World?? Cloud Bed MysteryGirl317Music World?? Note Land MysteryBoy318Rainbow World?? 7 Land MysteryGirl319Mirror World?? Reverse MysteryBoy320Future World?? Year 3000 MysteryGirl",,
,,,
,"just update memoryYOUR CHARACTER PLAN: ?? Squirrel (Fixed in ALL 320 videos) Same cute face Same body Same brown color Different small accessories per video (hat, scarf, etc.) ? ?? Boy (Fixed face/body) Only dress changes based on theme: Forest ? Explorer clothes ?? Space ? Astronaut suit ???? Beach ? Swim shorts ?? Doctor ? White coat ??? ?? Girl (Fixed face/body) Only dress changes based on theme: Ocean ? Mermaid/Swim dress ?? Garden ? Flower dress ?? Winter ? Snow jacket ?? Princess ? Royal gown ?? ?? VIDEO PAIRING PATTERN: Video TypeCo-StarOdd Numbers (1, 3, 5...)?? Boy + SquirrelEven Numbers (2, 4, 6...)?? Girl + SquirrelSpecial Episodes?? + ?? + Squirrel together! OR alternate: Adventure/Action themes ? ?? Boy Magical/Nature themes ? ?? Girl Big celebration episodes ? BOTH together! ?? ?? SCRIPT #1: COLORS ?? Title: ""Colors Science Lab Mystery | Boy & Squirrel Magic Discovery"" Duration: ~5-6 minutes Characters: ?? Squirrel + ?? Boy (wearing scientist lab coat & goggles) Theme: Science Laboratory ?? ?? SCENE 1: HOOK (0:00 - 0:30) [Setting: A bright science lab with bubbling potions, beakers, and a giant rainbow machine in the center] ?? (Cheerful intro music) ?? Boy: ""Welcome to my Science Lab, friends! Today, Squirrel and I will make the world's first RAINBOW MACHINE!"" ?? Squirrel: (jumping excitedly) ""Wow! Wow! Rainbow! Rainbow!"" ?? Boy: (presses big red button) ""3... 2... 1... GO!"" ?? BOOM! (Machine explodes with smoke) ?? Squirrel: (coughs) ""Oh nooo! What happened?!"" ?? Boy: (looks around shocked) ""OH MY GOD! All the colors... THEY ESCAPED from the machine!"" [Camera pans Ś lab is now BLACK & WHITE] ?? ?? Squirrel: ""We must catch them back! Let's go!"" ?? SCENE 2: RED DISCOVERY (0:30 - 1:15) [They hear a sizzling sound from the chemistry corner] ?? Sssss... ?? Boy: ""Listen! Something is hot!"" ?? Squirrel: (sniffs) ""It's coming from that beaker!"" [They tiptoe to a beaker Ś a RED flame dances inside!] ???? ?? Boy: ""It's RED! The color of FIRE!"" ?? Squirrel: ""Red like... apple! ?? Red like... strawberry! ?? Red like... my favorite cherry! ??"" ?? Boy: (catches red in a jar) ""Science fact: RED is the WARMEST color! It means STOP and DANGER!"" ? Red color goes into the rainbow machine Ś 1 slot filled! ?? SCENE 3: YELLOW DISCOVERY (1:15 - 2:00) [Suddenly the lab lights flicker] ?? ?? Boy: ""What's that bright glow?"" ?? Squirrel: (points up) ""Up there! On the ceiling!"" [A YELLOW light bulb is glowing brightly] ???? ?? Boy: (climbs ladder) ""It's YELLOW! Like the SUN!"" ? ?? Squirrel: ""Yellow like... banana! ?? Yellow like... cheese! ?? Yellow like... baby duck!"" ?? ?? Boy: ""Science fact: YELLOW is the BRIGHTEST color! It makes us HAPPY and gives ENERGY!"" ? Yellow goes into machine Ś 2 slots filled! ?? SCENE 4: BLUE DISCOVERY (2:00 - 2:45) [They hear a ""drip drip drip""] ?? ?? Squirrel: ""Water?! Where?"" [They run to the sink Ś BLUE water is flowing!] ???? ?? Boy: ""It's BLUE! Catch it before it goes down the drain!"" ?? Squirrel: (quickly puts a jar) ""Got it!"" ?? Boy: ""Blue like... sky! ? Blue like... ocean! ?? Blue like... blueberry!"" ?? ?? Squirrel: ""Why is blue everywhere, Boy?"" ?? Boy: ""Science fact: BLUE is the color of WATER and SKY! It makes us feel CALM and PEACEFUL!"" ?? ? Blue goes into machine Ś 3 slots filled! ?? SCENE 5: ?? SCIENCE MAGIC ¢ COLOR MIXING (2:45 - 3:30) ?? Boy: ""Squirrel, watch this MAGIC SCIENCE!"" [Boy takes 3 droppers Ś Red, Yellow, Blue] ?? Experiment 1: Red ?? + Yellow ?? = ORANGE! ?? ?? Squirrel: (eyes wide) ""WHATTT?! How?!"" ?? Boy: ""Magic of mixing! Orange like... carrot! ?? Orange like... pumpkin!"" ?? ?? Experiment 2: Blue ?? + Yellow ?? = GREEN! ?? ?? Squirrel: ""WOW! GREEN!"" ?? Boy: ""Green like... grass! ?? Green like... frog! ?? Green like... leaf!"" ?? ?? Experiment 3: Red ?? + Blue ?? = PURPLE! ?? ?? Squirrel: ""Purple! Like grapes! ?? Like brinjal! ??"" ?? Boy: ""These 3 NEW colors are called SECONDARY colors!"" ? ?? SCENE 6: HIDDEN COLOR ¢ PINK (3:30 - 4:00) [Squirrel sees something peeking from under a cloth] ?? Squirrel: ""Boy, look! Something is hiding!"" [They lift the cloth Ś a PINK flower!] ?? ?? Boy: ""Pink! Like cotton candy! ?? Like flamingo!"" ?? ?? Squirrel: ""Pink is sweet color!"" ?? Boy: ""Pink = Red + White! Another science magic!"" ?? SCENE 7: HIDDEN COLOR ¢ BLACK & WHITE (4:00 - 4:30) [Lab goes dark suddenly] ?? Squirrel: ""AHHH! I can't see!"" ?? Boy: ""This is BLACK! ? Color of NIGHT!"" [Light turns on bright] ?? Boy: ""And this is WHITE! ? Color of CLOUDS and SNOW!"" ?? Squirrel: ""Black + White everywhere!"" ?? Boy: ""Science fact: BLACK absorbs all colors! WHITE reflects all colors!"" ?? ?? SCENE 8: CLIMAX ¢ RAINBOW! (4:30 - 5:15) [All 7 colors fill the machine Ś it starts glowing!] ?? ?? Machine roars to life! ?? Squirrel: ""It's working! It's WORKING!"" [A giant RAINBOW shoots out of the machine Ś fills the entire lab!] ??? ?? Boy: ""RED, ORANGE, YELLOW, GREEN, BLUE, INDIGO, VIOLET! 7 colors of RAINBOW!"" ?? Squirrel: (dancing under rainbow) ""Rainbow! Rainbow! Rainbow!"" ?? Boy: ""Science fact: When SUNLIGHT passes through RAIN DROPS, we see a RAINBOW in the sky!"" ? + ?? = ?? ?? SCENE 9: OUTRO (5:15 - 5:45) ?? Boy: ""Today we learned:"" ?? RED ¢ Fire & Apple ?? YELLOW ¢ Sun & Banana ?? BLUE ¢ Sky & Water ?? ORANGE ¢ Red + Yellow ?? GREEN ¢ Blue + Yellow ?? PURPLE ¢ Red + Blue ?? PINK, ? BLACK, ? WHITE ?? Squirrel: ""Colors are AMAZING!"" ?? Boy: ""Like this video and SUBSCRIBE to PlayKidsBright for more magical adventures!"" ?? Squirrel: ""Bye bye friends! See you next time!"" ?? ?? (Outro music) END SHAPES ?? Title: ""Shapes Space Galaxy Mystery | Girl & Squirrel Astronaut Adventure"" Duration: ~5-6 minutes Characters: ?? Squirrel + ?? Girl (wearing astronaut suit) Theme: Outer Space ???? ?? SCENE 1: HOOK (0:00 - 0:30) [Setting: Inside a spaceship, Girl & Squirrel ready for launch] ?? (Space adventure music) ?? Girl: ""Today, Squirrel and I are going to SPACE to find magical shapes!"" ?? Squirrel: (wearing tiny astronaut helmet) ""Ready! Ready! Blast off!"" ?? Girl: ""10... 9... 8... 7... 6... 5... 4... 3... 2... 1... LIFT OFF!"" ?? ?? Rocket launches into space! ?? Squirrel: (looking out window) ""WOAH! Look at all those stars!"" ?? Girl: (shocked) ""OH NO! The spaceship's shape navigator is BROKEN! We need to find 7 SHAPE PLANETS to fix it!"" ?? Squirrel: ""Shape planets?! Let's go!"" ?? SCENE 2: CIRCLE PLANET (0:30 - 1:15) [A big round planet appears] ?? ?? Squirrel: ""Look! A round planet!"" [They land on it Ś the whole planet is filled with circles: bubbles, balls, donuts, wheels] ?? Girl: ""This is the CIRCLE PLANET! ?"" ?? Squirrel: ""Round and round, no corners!"" ?? Girl: ""Circle has NO sides and NO corners! Like... wheel! ?? Like... pizza! ?? Like... moon!"" ?? [A circular alien rolls past] ?? ?? Squirrel: ""Even the aliens are round!"" ? Circle shape collected in jar! ?? SCENE 3: SQUARE PLANET (1:15 - 2:00) [They fly to a planet shaped like a box] ?? ?? Girl: ""This planet is... boxy!"" [Everything is square Ś houses, trees, even the clouds!] ?? Squirrel: (touching a square tree) ""Why is this tree a square?!"" ?? Girl: ""Welcome to SQUARE PLANET! ?? A square has 4 EQUAL SIDES and 4 CORNERS!"" ?? Squirrel: ""Square like... window! ?? Like... biscuit! ?? Like... Rubik's cube!"" [Square aliens hop by Ś they can only walk in straight lines!] ?? Girl: ""Squares are strong and steady!"" ? Square shape collected! ?? SCENE 4: TRIANGLE PLANET (2:00 - 2:45) [They reach a pointy planet with 3 huge mountains] ?? ?? Squirrel: ""OUCH! Pointy place!"" ?? Girl: ""This is TRIANGLE PLANET! ?? 3 sides, 3 corners!"" [Triangle pyramid, ice cream cone, slice of pizza floating around] ?? Squirrel: ""Triangle like... pyramid! ?? Like... ice cream cone! ?? Like... mountain!"" ? ?? Girl: ""Triangles are super strong! That's why bridges use triangle shapes!"" ?? Squirrel: ""Wow! Smart shape!"" ? Triangle shape collected! ?? SCENE 5: STAR PLANET (2:45 - 3:15) [A glowing twinkling planet appears] ? ?? Squirrel: (eyes sparkle) ""It's TWINKLING!"" ?? Girl: ""This is STAR PLANET! ? A star has 5 POINTS!"" [Tiny shooting stars zoom around them] ?? Girl: ""Stars are in the sky at night! ?? Like... starfish in ocean! ?? Like... sheriff badge!"" ?? Squirrel: (catches a star) ""I caught a wish star!"" ? Star shape collected! ?? SCENE 6: RECTANGLE PLANET (3:15 - 3:45) [A long stretched planet] ? ?? Girl: ""This planet is LONG and FLAT!"" ?? Squirrel: ""Like a... door?"" ?? Girl: ""Yes! RECTANGLE PLANET! ?? 4 sides, but 2 long, 2 short!"" ?? Squirrel: ""Rectangle like... door! ?? Like... book! ?? Like... mobile phone!"" ?? ? Rectangle collected! ?? SCENE 7: HEART PLANET (3:45 - 4:15) [A pink glowing heart-shaped planet appears] ?? ?? Squirrel: (blushes) ""Awww... so cute!"" ?? Girl: ""HEART PLANET! ?? Shape of LOVE!"" ?? Squirrel: ""Heart like... mommy's love! ?? Like... balloon! ?? Like... candy!"" ?? ?? Girl: ""We use heart to say I LOVE YOU!"" ? Heart shape collected! ?? SCENE 8: DIAMOND PLANET (4:15 - 4:45) [A sparkling crystal planet] ?? ?? Girl: ""Last one! The DIAMOND PLANET!"" ?? [Diamonds floating everywhere Ś shiny and bright] ?? Squirrel: (amazed) ""So shiny! So sparkly!"" ?? Girl: ""Diamond shape has 4 pointy corners! Like... kite! ?? Like... jewel! ??"" ?? Squirrel: ""Diamonds are forever shiny!"" ? Diamond shape collected! ?? SCENE 9: SHAPE MONSTER ATTACK! (4:45 - 5:15) [Suddenly Ś a big SHAPE MONSTER blocks their ship!] ?? ?? Squirrel: ""AHHH! What's that?!"" ?? Girl: ""It's the Shape Eater Monster! It eats all shapes!"" [The monster tries to grab them] ?? Girl: ""Quick Squirrel! Throw the shapes at the navigator!"" ?? Squirrel: (throws shapes one by one) ? Circle! ?? Square! ?? Triangle! ? Star! ?? Rectangle! ?? Heart! ?? Diamond! ?? Navigator powers up Ś BEAM hits the monster! [Monster turns into colorful shapes and disappears] ? ?? Squirrel: ""We did it!"" ?? SCENE 10: HAPPY ENDING (5:15 - 5:45) [Spaceship safely flies back to Earth] ?? ?? Girl: ""Today we discovered 7 shapes in space:"" ? CIRCLE ¢ Round, no corners ?? SQUARE ¢ 4 equal sides ?? TRIANGLE ¢ 3 sides, 3 corners ? STAR ¢ 5 points ?? RECTANGLE ¢ Long & flat ?? HEART ¢ Shape of love ?? DIAMOND ¢ 4 pointy corners ?? Squirrel: ""Shapes are EVERYWHERE around us!"" ?? Girl: ""Look around YOU! Can you find shapes at home?"" ?? Squirrel: ""Tell us in comments below!"" ?? Girl: ""SUBSCRIBE to PlayKidsBright for more space adventures!"" ?? Squirrel: ""Bye bye friends! ??"" ?? (Outro music) END",,
